headline,source,source_type,label
Putin prvýkrát reaguje na útok dronom v Rumunsku: Nečakané slová o von der Leyenovej,cas.sk,tabloid,1
Rumunský prezident odhalil pôvod dronu: TOTO sa s ním stalo tesne pred hranicami,cas.sk,tabloid,1
"Európou sa raketovo šíria 2 choroby: V strehu musia byť muži! Šokujúce, kde je to najhoršie",cas.sk,tabloid,1
"VAROVANIE pre Slovákov: Zasiahne nás Hot Flash Drought?! Budete zhrození, čo prichádza",cas.sk,tabloid,1
Majtánová dostala po kauze so Smerom STOPKU: Prišiel nový verdikt od STVR! Jej osud je už jasný,cas.sk,tabloid,1
Desivé divadlo nad Košicami: Dva balóny sa zrazili počas letu! Svedkovia v šoku,cas.sk,tabloid,1
Vášaryová pritvrdila: Mám Banášove UDAVAČSKÉ listy! Priznanie o vnucovaní Lasicovi a nenávisti,cas.sk,tabloid,1
Zaslúžená dovolenka po náročnej sezóne: Regendov relax v Afrike v spoločnosti krásnej brunetky,cas.sk,tabloid,1
"Neuveriteľné, čo zažil taxikár z Trenčína: Panej to vrátila karma aj s úrokom! Slováci sa bavia",cas.sk,tabloid,1
Dal si zmrzlinu a o pár minút ZOMREL: Tragickú smrť Adriana (†16) sprevádzajú desivé PODOZRENIA,cas.sk,tabloid,1
Kouč Országh prehovoril o výrokoch mamy Pospíšilovcov: Čo povedal?,cas.sk,tabloid,1
"Úprimný odkaz českého trénera Rulíka: Keď som videl Slovákov, mal som obavy",cas.sk,tabloid,1
"MS v hokeji 2026: Kompletný program šampionátu, rozpis zápasov Slovenska",cas.sk,tabloid,1
Šokujúca premena Borisa Kollára: Omladnutý a ľahší o 20 kíl! PRAVDA o injekciách na chudnutie,cas.sk,tabloid,1
"Matiasko prestal chodiť: Na pomoc prišli šéfkuchári! Varili pre chlapčeka, ktorý verí v zázrak",cas.sk,tabloid,1
Európu čaká dopravný chaos: Zatvoria hlavnú dopravnú tepnu! Čakajte peklo,cas.sk,tabloid,1
Rodičia mali sexuálne zneužívať svoje DETI: Všetko mali natáčať a... Šokujúce zistenia polície,cas.sk,tabloid,1
Padlo rozhodnutie: Minister Šutaj Eštok musí zaplatiť čurillovcom poriadne vysokú sumu!,cas.sk,tabloid,1
"Internetový gigant Temu schytal megapokutu: Hrôza, čo predával na stránkach",cas.sk,tabloid,1
FOTO Hviezda z Rodiny Addamsovcov 2: Návrat na červený koberec po 11 rokoch! Spoznáte ju dnes?,cas.sk,tabloid,1
Šokujúce priznanie kráľovnej popu Madonny: TENTO muž bol jej najlepším milencom!,cas.sk,tabloid,1
"Zuzana, toto si videla? Belohorcovej 16-ročná dcéra Salma na odvážnych FOTO!",cas.sk,tabloid,1
Porotkyňa Let's Dance Laura Arcolinová skončila na urgente: ČO sa známej tanečnici stalo?!,cas.sk,tabloid,1
"Hana Lasicová provokuje: Poslala som partnerovi fotku, nech vie, o čo na Slovensku prichádza!",cas.sk,tabloid,1
Daniela Nízlová ZMENILA dcére priezvisko: Čelila problémom kvôli inému menu! Čo na to Lobotka?,cas.sk,tabloid,1
"Miška z Ruže pre nevestu odhalila, čo sa dialo mimo kamier: Toto je Adrianova PRAVÁ tvár!",cas.sk,tabloid,1
"FOTO Bagárová vystrojila dcérke MEGA oslavu, fanúšikom vyrazila dych! Neuveríte, kto sa ukázal",cas.sk,tabloid,1
Carolina – Montreal ONLINE: Koniec sezóny pre Slafkovského a spol. v NHL?,cas.sk,tabloid,1
Posila za 80 miliónov oficiálne podpísaná: Barcelona angažovala hviezdu Premier League,cas.sk,tabloid,0
"Švédi cítia krivdu, za pravdu im dal aj český expert: TOTO ovplyvnilo celý zápas",cas.sk,tabloid,1
"Favoriti padajú ako hrušky jeden po druhom: Djokovič viedol o dva sety, na Roland Garros končí",cas.sk,tabloid,1
Španieli to už považujú za hotovú vec: Na lavičku Realu sa vráti legendárny tréner,cas.sk,tabloid,1
"Renáta priniesla slovenské chute do Severného Írska: Miestni sa zalizujú! Sledujte, čo vypeká",cas.sk,tabloid,1
Kuriózna krádež pri Košiciach! Adamovi spred domu zmizlo 36 kolies: Jeden DETAIL mu nedá spávať,cas.sk,tabloid,1
"Zuzanu Smatanovú zastavili cudzie deti: SILNÉ, čo sa tam odohralo! Speváčka úplne dojatá",cas.sk,tabloid,1
Ryžové rolky so zeleninou: Jednoduchá ázijská večera s ryžovými rezancami a čili omáčkou,cas.sk,tabloid,0
"Farmárska polievka: Poctivá domáca klasika plná zeleniny, ryže a výraznej chuti",cas.sk,tabloid,0
Stanica v Brne: Tajomný odkaz od zosnulého dedka mi po rokoch zachránil vzťah s bratom,cas.sk,tabloid,1
KVÍZ: Uhádnete tradičné slovenské jedlá len podľa surovín? Plný počet dajú len pravé gazdinky!,cas.sk,tabloid,1
Najznámejší česko-slovenskí ALKOHOLICI: Jedno meno vás asi fakt ZASKOČÍ! Pil liter vodky denne!,cas.sk,tabloid,1
Dominika Cibulková prezradila nečakanú správu: Ďalší koniec!,cas.sk,tabloid,1
Ešte nie je ani rozvedená a už je TEHOTNÁ s iným?! Daniela má mať nový románik!,cas.sk,tabloid,1
"Ivana Christová ukázala schudnutú postavu: Vyzerá famózne, ako sa jej to podarilo?",cas.sk,tabloid,1
Zuzana Čaputová sa ukázala s novým účesom: Ubral jej minimálne 10 rokov!,cas.sk,tabloid,1
Toto je tých 10 najočakávanejších elektromobilov tohto roka,cas.sk,tabloid,1
Dorazí najlacnejšia Škoda do Európy? SUV s veľkosťou Fabie stojí na domácom trhu 7 000 eur,cas.sk,tabloid,1
Lancia Gamma je späť: Taliani chystajú veľký návrat,cas.sk,tabloid,1
"Krehké slané rožteky: Urobte dve dávky, zmiznú ešte horúce!",cas.sk,tabloid,1
Ktoré sú zdravšie? Rozdiel medzi jahodami a čučoriedkami vás prekvapí,cas.sk,tabloid,1
"Hit Netflixu sa vracia: Druhá séria mení všetko, ide do oveľa temnejších tém",cas.sk,tabloid,1
FOTO Naša prvá miss Ivana Christová SCHUDLA: Tenšia už roky nebola!,cas.sk,tabloid,1
Súd so Samuelom: Vyjadrenie prokurátora a obhajcu obžalovaného gymnazistu,cas.sk,tabloid,1
Ceny na štadióne počas MS v hokeji vo Švajčiarsku prekvapia: Koľko stojí voda či pivo?!,cas.sk,tabloid,1
"Polícia obvinila dílerku z Bratislavy, hrozí jej väzenie až na 15 rokov",cas.sk,tabloid,0
Seniori na štvorkolke napálili do stromu: Spolujazdec († 76) strašný náraz neprežil,cas.sk,tabloid,1
"Falošný Habera, Verešová v sieťke, Separ v papučiach a hviezdy pochodujúce vo Viedni v trenkách",cas.sk,tabloid,1
"Kramár a piate dieťa? Darin let za 8-tisíc, rozvod Brzobohatých a bizár v Bez servítky",cas.sk,tabloid,1
Škandál na škole v Česku: Sfetovaného školníka zbil sfetovaný riaditeľ,cas.sk,tabloid,1
Zuzanu Smatanovú odchytili neznáme deti a začali spievať jej pesničku.,cas.sk,tabloid,1
Mláďatá medveďa hnedého si užívajú horúci deň vo vode.,cas.sk,tabloid,0
Veľká ZMENA pre dovolenkárov v Chorvátsku: Obľúbené miesta zavádzajú prísne ZÁKAZY!,cas.sk,tabloid,1
Tragédia počas obhliadky domu: Stačila sekunda a realitná maklérka bola mŕtva,cas.sk,tabloid,1
"Zelenskyj varoval pred tým, čo chystá Rusko: Bude to veľké a príde to už čoskoro!",cas.sk,tabloid,1
Na Záhorí sa zrazili dva kamióny! Hrozivé FOTO zastaví dych: Vážne zranenia vodičov,cas.sk,tabloid,1
To Zelenskyj nemal robiť: Pohneval si hlavného spojenca! Poľsko sa búri a posiela drsný ODKAZ,cas.sk,tabloid,1
"VIDEO Polícia vošla do chatky, ozval sa zúfalý krik! Čo Mária urobila, trpko oľutuje",cas.sk,tabloid,1
"Sila vôle! Laura z Bratislavy bežala polmaratón, keď sa to stalo: Šokujúci verdikt lekára",cas.sk,tabloid,1
Dojímavé odkazy parťákov do nemocnice Legende Rusnákovi: To musíte vidieť!,cas.sk,tabloid,1
"Dráma, aká nemá obdobu: Husár vyletel na vlastnú hráčku! Krik, nadávky a lietali aj päste",cas.sk,tabloid,1
"Celebrity reagujú na prehru s Fínskom: Jasný odkaz našim hokejistom, Sajfa zaťal do živého!",cas.sk,tabloid,1
Hokejista Jakub († 40) odpadol v šatni a už sa neprebral: Ostali po ňom manželka a dve detičky!,cas.sk,tabloid,1
Čo rozhoduje pri kúpe nového auta? Slováci prezradili svoje preferencie,cas.sk,tabloid,1
"Vlhovej expartner Kyselica vytočený, čo Molnár povedal o Petre: Drsný ODKAZ známemu trénerovi!",cas.sk,tabloid,1
OKTAGON 77: Najsilnejšia karta v histórii Bratislavy už 4. októbra,cas.sk,tabloid,1
"Mýty vs. realita o čínskych autách: Aká je pravda o kvalite, servise a modernej technológii?",cas.sk,tabloid,1
"Repríza minuloročného finále pre Nitru, Slovan ako prvý našiel recept na Banskú Bystricu",cas.sk,tabloid,1
Sersen na rovinu o konci v Slovane: Pokračovanie? Od apríla sa mi nikto z klubu neozval,cas.sk,tabloid,1
ZUZULOVÁ sa vydala: Veronika prekvapila šatami! Ten detail vzadu nečakal nik,cas.sk,tabloid,1
"Zlé správy pre milovníkov SEXU! Letné radovánky v ohrození, počty nakazených v Európe trhajú rekordy",topky.sk,tabloid,1
Brutálny útok cyklistu na vodičku: Zhodil ju na zem a bil päsťami priamo na ulici! Výkriky zachytilo VIDEO,topky.sk,tabloid,1
AKTUÁLNE V Košiciach sa zrazili teplovzdušné balóny! VIDEO Núdzové pristátie pri nákupnom centre,topky.sk,tabloid,1
ZÁHADA okolo bývalého agenta CIA: Doma mu našli zlaté tehličky aj desiatky hodiniek Rolex! Expertka hovorí o korupcii,topky.sk,tabloid,1
Tieto telenovely pobláznili Slovensko: KVÍZ Viete uhádnuť ich názvy?,topky.sk,tabloid,1
Slovenský spevák šokoval po 36 rokoch: Rozvod a nová láska,topky.sk,tabloid,1
Madonna priznala meno najlepšieho milenca života: V tom čase bola vydatá a on je už mŕtvy!,topky.sk,tabloid,1
Najmladšia dcéra Karla Gotta Nelly Sofie oslávila 18 rokov: Z dievčatka je dospelá žena!,topky.sk,tabloid,1
Čaká nás nebeské divadlo: Nenechajte si ujsť nedeľnú noc! Na oblohe sa objaví výnimočný úkaz,topky.sk,tabloid,1
"Ranný nápoj, ktorý nakopne imunitu aj trávenie: Stačia 3 suroviny, ktoré máte určite doma",topky.sk,tabloid,1
Študent vo Švédsku zaútočil na učiteľku najsmradľavejšou rybou sveta! S TAKÝMTO trestom nerátal,topky.sk,tabloid,1
"Osamelosť, strach a stigma: Odborníci prehovorili o tom, čo verejnosť nevidí! Hovoria o tichom zabijakovi",topky.sk,tabloid,1
Slovenská herečka ukázala svoju princeznú: Nola už stihla aj vyhrať súťaž!,topky.sk,tabloid,1
Známy Slovák zažil na majstrovstvách výnimočný moment: Postarala sa o to jeho krásna dcéra,topky.sk,tabloid,1
Od kláštorov po skalné chrámy: Tieto miesta v UNESCO pozná málokto,topky.sk,tabloid,1
"Záhady ľudského tela, ktoré vedcov stále fascinujú: Na tieto otázky o tele stále nepoznáme odpovede!",topky.sk,tabloid,1
"Ford Transit City nie je konkurent e-Transitu Custom, je určený do miest",topky.sk,tabloid,1
Veľké UVEDOMENIE: Viktor zostal s deťmi sám doma! Jeho odkaz matkám rezonuje internetom,topky.sk,tabloid,1
"5 viet, ktoré emocionálne vyspelí muži nikdy nepovedia žene, ktorú milujú: Zistite koho máte po svojom boku",topky.sk,tabloid,1
Čo sa dialo v deň nehody princeznej Diany? Tieto otázky dodnes vyvolávajú pochybnosti,topky.sk,tabloid,1
"Dioriviera: Letné líčenie a makeup plný žiarivých farieb, s ktorými objavíte svoje nové ja",topky.sk,tabloid,1
"Stopka po Let’s Dance: Laura Arcolin priznala, čo sa deje s jej zdravím! Skončí s tancom?",topky.sk,tabloid,1
Vnučka legendárneho Rudolfa Hrušínského (†73) šokuje: Celkom NAHÁ na titulke!,topky.sk,tabloid,1
"Šialenstvo v nákupnom centre! Pozor, letí sedačka: VIDEO zachytáva, ako sa hlúpy žart mohol zmeniť tragédiu",topky.sk,tabloid,1
"Vallovci a PS sa pustili do starostu: Rozhádali ich chodníky, vyliaty asfalt a otázniky, celé je to INAK!",topky.sk,tabloid,1
"NOVÉ ZISTENIA o obetiach na pláži v známom letovisku! Vyčíňanie sériového vraha, vyšetrovatelia šokovali verejnosť",topky.sk,tabloid,1
OTRASNÝ POHĽAD Turisti zanechali po sebe spúšť! Za jediný deň zmenili obľúbenú pláž na SMETISKO,topky.sk,tabloid,1
"Ruský dron zasiahol panelák v Rumunsku: Prezident chce odvetu a žiada medzinárodnú reakciu, zvolal bezpečnostnú radu",topky.sk,tabloid,0
Po mesiacoch odkladania kvôli vojne nastal čas: Irán má chystať veľkolepý pohreb Chameneího,topky.sk,tabloid,0
"NATO potvrdilo, čo si všetci mysleli: Dron, ktorý zasiahol Rumunsko, bol ruský!",topky.sk,tabloid,1
Krajinu zasiahli tragické povodne: Stúpajúca hladina rieky si vyžiadala obete,topky.sk,tabloid,0
VIDEO Na Liptove horel les: Plamene po sebe zanechali spúšť za 30-tisíc eur,topky.sk,tabloid,1
"Dotácia 1,2 milióna eur pre neexistujúcu firmu: Migaľ čelí kritike za podozrivý projekt v Poprade",topky.sk,tabloid,0
Brownfieldy pod drobnohľadom: Slovensko spúšťa mapovanie zanedbaných území pre ich nový život,topky.sk,tabloid,0
"Zlé správy z Tatier: Obľúbený turistický chodník zostáva kompletne ZATVORENÝ, cez leto sa tam nedostanete!",topky.sk,tabloid,1
"Je to definitívne: Šutaj Eštok musí zaplatiť čurillovcom, súd jeho návrh zamietol! Reakcia advokátky ministra",topky.sk,tabloid,1
Beštiálny prípad utýraného šteniatka v osade: Páchateľ vyviazol len s ročnou podmienkou!,topky.sk,tabloid,1
"Putin prekvapil vyhlásením o vojne: Tvrdí, že sa blíži jej koniec",topky.sk,tabloid,1
Desivé varovanie experta: Po skončení vojny na Ukrajine nebude pokoj! Európe hrozí obrovské nebezpečenstvo,topky.sk,tabloid,1
"Masívna nehoda vo Virgínii: Autobus sa zrazil so šiestimi autami, hlásia obete",topky.sk,tabloid,1
Dánsko varuje pred Iránom: Hovorí o čoraz väčšej teroristickej hrozbe,topky.sk,tabloid,1
Pozlátené sochy aj nápisy: Trump si nechá postaviť víťazný oblúk,topky.sk,tabloid,1
"Historický moment: Poľsko získalo 6,6 miliardy eur na obranu ako prvé v Európskej únii",topky.sk,tabloid,1
Premiér Fico sa v Bratislave stretol so srbským ministrom obrany Gašićom,topky.sk,tabloid,1
Ostrá kritika od Hargaša: Výstavba D1 Turany - Hubová sa posúva pre neschopnosť Ráža,topky.sk,tabloid,1
"Opozičné strany musia byť obozretné pri vytváraní partnerstiev, uviedlo Hnutie Slovensko",topky.sk,tabloid,1
"Šimečka vo vysielaní šokoval výsluhových dôchodcov: BÚRIA sa aj odbory, takto sa dôvera nebuduje, pán predseda!",topky.sk,tabloid,1
"MIMORIADNY ONLINE Celé NATO je v pohotovosti: Explózia ruského dronu na území aliancie, z bytovky šľahajú plamene!",topky.sk,tabloid,1
"MIMORIADNE Krvavá dráma v dejisku MS v hokeji! Muž pobodal troch ľudí, kričal Alláhu akbar: Autentické VIDEO",topky.sk,tabloid,1
"Turistku uniesli a tri dni znásilňovali migranti: Polícia zverejnila VIDEO razie! Bilancia: 5 zatknutých, 11 deportovaných",topky.sk,tabloid,1
PANIKA v Rakúsku! Na poliach s kukuricou objavili silný JED! Vedci šokujúcim výsledkom nemohli uveriť,topky.sk,tabloid,1
Životom skúšaný známy herec Roman Luknár: Skončil na vozíku!,topky.sk,tabloid,1
"MS v hokeji 2026: Slovenský fanúšik sa stal hviezdou majstrovstiev, ľudia pukajú od smiechu",topky.sk,tabloid,1
"Najšťastnejšie deti vraj vyrastajú v rodinách, kde rodičia robia túto jednu vec: Osvojiť si ju môžete aj vy",topky.sk,tabloid,1
Kyslá chuť v ústach? Môžete mať niektorú z týchto diagnóz,topky.sk,tabloid,1
"Ferrari Luce - obrovské auto, brutálny elektromobil. A vlastne Ferrari",topky.sk,tabloid,1
"Everest praská vo švíkoch, odborníci varujú pred nadmerným počtom horolezcov",topky.sk,tabloid,1
"KVÍZ: Spisovné slová, ktoré používate NESPRÁVNE! Odhalí vás už 5 otázok",topky.sk,tabloid,1
Generácia Z mení pravidlá práce. Starší kolegovia tomu často nerozumejú a vzniká tichý konflikt na pracoviskách,topky.sk,tabloid,0
U Adely to bolo tentoraz dosť inak! Ostrieľaná moderátorka v koncoch: Na tému sa vôbec nechytala,topky.sk,tabloid,1
"Kríza vo vzťahu Vinczeovcov? Adela v šoku, za toto chceli Viktora na internete roztrhať!",topky.sk,tabloid,1
Dcéra Karola Konárika zdedila talent aj vkus: V tomto sa však s otcom sporia už dvadsať rokov,topky.sk,tabloid,1
"VIDEO Megaoslava Bagárovej dcéry za tisíce: Živé zvieratá, luxusná výzdoba a aha, kto prišiel",topky.sk,tabloid,1
Nela Slováková skončila v slzách: Obrovské trápenie!,topky.sk,tabloid,1
Syn Jana Krausa čelí obvineniu zo znásilnenia: Expertka zanalyzovala jeho správanie... Takýto je!,topky.sk,tabloid,1
"Odolal Turkom, no zničil ho blesk: Hrad Šomoška dnes láka tisíce návštevníkov ročne",topky.sk,tabloid,1
Komáre sú prefíkanejšie než kedykoľvek predtým: REPELENT už nemusí fungovať,topky.sk,tabloid,1
Z európskych pastvín MIZNÚ celé stáda dobytka! Na svedomí to majú mať KRAVSKÉ GANGY pri Slovensku,topky.sk,tabloid,1
Máte prehľad o aktuálnych udalostiach? Otestujte sa v KVÍZE: Na koľko otázok poznáte odpoveď?,topky.sk,tabloid,1
Bratislavu ovládnu zberateľské poklady: Do Incheby prídu rarity za 150-tisíc eur aj nové 0 Euro suveníry,topky.sk,tabloid,0
Bekim opäť rozbehne Pezinok. Charitatívny beh Run Bekim Run chce spojiť stovky ľudí pre dobrú vec,topky.sk,tabloid,1
"Kde nakupovať, keď chcete ušetriť čas aj peniaze?",topky.sk,tabloid,0
Ugrilujte si niečo nové! 3 prekvapivo ľahké recepty Jamieho Olivera,topky.sk,tabloid,1
Vypátrali páchateľa ozbrojenej lúpeže na odpočívadle Zeleneč: Pomohli kamerové záznamy,topky.sk,tabloid,0
Nočný požiar odpadu v bratislavskej Petržalke: Príčina je zatiaľ neznáma,topky.sk,tabloid,0
"Tragédia na Kysuciach: Štvorkolka narazila do stromu, spolujazdec zomrel vo vrtuľníku! Hrozivé VIDEO po nehode",topky.sk,tabloid,1
"Žena jazdila po Bratislave pod vplyvom alkoholu: VIDEO Nafúkala až 2,3 promile",topky.sk,tabloid,1
"Slovensko má záujem ďalej rozvíjať partnerstvo s Andorrou, uviedol prezident Pellegrini",topky.sk,tabloid,0
"Totálny bizár: KVÍZ vám prezradí, čo viete o neobvyklých zvykoch a tradíciách vo svete",topky.sk,tabloid,1
"Cestovateľský kvíz: Uhádnite, na akých miestach vznikli fotografie celebrít!",topky.sk,tabloid,1
Čo nám priniesol minulý týždeň? KVÍZ preverí vaše znalosti o aktuálnych udalostiach,topky.sk,tabloid,1
Hokejové MS odštartovali: Zvládnete tento KVÍZ bez chyby? Preverí aj skutočných fanúšikov Slovenska!,topky.sk,tabloid,1
"Barkolovej mama je vzácny úkaz: Vážení, táto šupa je už prababičkou!",topky.sk,tabloid,1
Mrzutá rybka prichádza do kín: Toto podmorské dobrodružstvo si deti zamilujú!,topky.sk,tabloid,1
"Valábik a Gáborík prezradili, koho by si najradšej pozvali do štúdia!",topky.sk,tabloid,1
"Bolesť a tŕpnutie rúk môžu skončiť operáciou: Odborník radí, kedy spozornieť",topky.sk,tabloid,1
"Tomáš Stríž: Ušiel „hrobárovi‟ z lopaty. Túto chybu s bežným liekom možno robíte aj vy, jemu sa takmer stala osudnou!",topky.sk,tabloid,1
"Slováci vytvorili prípravok, ktorý si ženy zamilovali: Pozrite na tie výsledky!",topky.sk,tabloid,1
"Všade samé zdražovanie, ale... V týchto 20 dovolenkových destináciách ceny klesli",topky.sk,tabloid,1
"Saksun prežil vďaka jedinej žene, dnes patrí medzi najkrajšie dediny sveta",topky.sk,tabloid,1
JAZDA: Leapmotor B10 Hybrid EV pridáva elektromobilu spaľovák,topky.sk,tabloid,0
"Nový priestranný hatchback MG4 EV Urban dorazil na Slovensko. Obrovský kufor, dobrá cena",topky.sk,tabloid,1
Prečo ľudia odchádzajú z práce aj kvôli osvetleniu či hluku: Skrytí zabijaci produktivity,topky.sk,tabloid,1
"Končíte školu? Sociálna a zdravotná poisťovňa radia absolventom, čo (ne)musia riešiť",topky.sk,tabloid,0
Ako rýchlo očistiť cesnak bez lepkavých prstov,topky.sk,tabloid,0
"Bublanina ako od babičky, ktorá sa vždy podarí: Tento recept nikdy nesklame",topky.sk,tabloid,1
Majo Labuda rozčuľuje divákov Dunaja: Všetci riešia len jednu vec!,topky.sk,tabloid,1
Zomrel herec zo seriálu Emily v Paríži: Podľahol krutej diagnóze!,topky.sk,tabloid,1
Hráč BC Slovan Dávid Abrhám hodnotí prehru o 50 bodov a titul Levíc,topky.sk,tabloid,0
Otvorenie folklórneho festivalu Trnavská brána,topky.sk,tabloid,0
V Košiciach sa zrazili teplovzdušné balóny,topky.sk,tabloid,0
Influencerka sa stala mamičkou: Od bolesti hrýzla manžela! Môže takto vyzerať po pôrode?,topky.sk,tabloid,1
"Influencerka neverí vlastným očiam: Jedno dieťa ako anjel, druhé úplný opak?!",topky.sk,tabloid,1
"Sex a erotika podľa znamení: Takto zvediete ľahko muža, po ktorom naozaj túžite!",topky.sk,tabloid,1
Takto vyzerá noha Matouša Kohouta po nehode: Fanúšikovia zostali v šoku!,topky.sk,tabloid,1
Gábor Boráros reaguje na uniknuté správy: Po smrti Moniky Jákliovej sa otvorila citlivá téma!,topky.sk,tabloid,1
FOTO UFC stavia arénu pri Bielom dome: Prvé zábery vyrážajú dych!,topky.sk,tabloid,1
"Výborné správy: Ľudovít Klein sa vracia do UFC, pozná termín zápasu!",topky.sk,tabloid,1
Mel Gibson spôsobil chaos: Po jeho vyhlásení prudko vzrástol záujem o tento liek! Experti varujú,topky.sk,tabloid,1
Emília Vášáryová sa presťahovala z domu do bytu: S týmto v ňom úporne bojujem,topky.sk,tabloid,1
Oslava 6. narodenín dcérky Moniky Bagárovej,topky.sk,tabloid,0
Union prispeje ženám 30 eur na menštruačné nohavičky. Zľavy na tradičné hygienické pomôcky platia aj naďalej,topky.sk,tabloid,0
FOTOTurčiansky beh 2026 spojil stovky ľudí: PARASPORT24 rozdelil pomoc za takmer 10-tisíc eur!,topky.sk,tabloid,1
Keď móda ulice spája pohodlie a osobitý štýl,topky.sk,tabloid,0
Storno dovolenky kvôli chorobe dieťaťa: Kedy pomôže cestovné poistenie?,topky.sk,tabloid,0
"ŠKANDÁL na škole: Najskôr prichytili zdrogovaného, polonahého školníka, potom ich dorazil samotný riaditeľ!",topky.sk,tabloid,1
"Dráma vo vlaku RegioJetu: Zostal stáť šesť hodín! Ľudia sa varili vo vlastnom pote, nešla klimatizácia",topky.sk,tabloid,1
Smutná správa z Česka: Zomrel známy herec... Do poslednej chvíle aktívne hral!,topky.sk,tabloid,1
"Nastal obrovský POPLACH: Evakuovať museli cez 40-tisíc ľudí, hrozí masívna explózia nádrže!",topky.sk,tabloid,1
Brutálny BOMBOVÝ útok na vlak s vojakmi: Na mieste rátajú 24 mŕtvych a 50 ďalších ľudí bojuje o život!,topky.sk,tabloid,1
"AKTUÁLNE Ťažká hromadná nehoda pri Senici: Neprejazdná cesta, na miesto išli všetky zložky a DVA vrtuľníky",topky.sk,tabloid,1
Veľké víťazstvo nového premiéra: Maďarsko získa miliardy z eurofondov,topky.sk,tabloid,0
"Vodiči, pripravte sa na komplikácie: Na D3 prídu úplné uzávery aj odstávka tunelov",topky.sk,tabloid,1
"Newsfilter: Chodí ako Rus, kváka ako Rus, je to Robert Fico",dennikn.sk,quality,0
Prečo vidím výsledky prijímačiek len v EduPage a nie v systéme ePrihlášky (otázky a odpovede),dennikn.sk,quality,0
Klesajúca pôrodnosť nie je len o ženách. Ani mnohí muži nechcú veľké rodiny (Víkend bez politiky),dennikn.sk,quality,0
"Vallo chválil hliadky v MHD, fotografia ukázala policajta so symbolom, ktorý obľubujú extrémisti",dennikn.sk,quality,0
Brennerský priesmyk čaká kritický víkend. Prečo namiesto spájania Európu rozdeľuje?,dennikn.sk,quality,0
Prieskum Ipsosu: Péter Magyar získava priaznivcov aj medzi Maďarmi na Slovensku,dennikn.sk,quality,0
Keď Ty tvorí Ja. O výstave Moniky a Bohuša Kubinských,dennikn.sk,quality,0
FPU už podporuje aj „kultúru života“. Viac než 50-tisíc eur získal pochod za život,dennikn.sk,quality,0
Havlova cena pre „Putinovu peňaženku“? Ako sieť Aurora presadzuje svojho zakladateľa,dennikn.sk,quality,0
"Prvý veľký úspech Magyara: EÚ uvoľní Maďarsku ešte viac eurofondov, ako sa čakalo",dennikn.sk,quality,0
"Hokej, adrenalín a prehraté milióny. Ako hazardu pomáhajú veľké šampionáty a masívne reklamy",dennikn.sk,quality,0
Gašpar moc zneužíval ako policajný prezident a robí to aj ako poslanec (udalosti týždňa),dennikn.sk,quality,0
Vývoj bojov (1555. deň): S Gripenmi príde na front raketa Meteor – ruské lietadlá už nebudú nezraniteľné,dennikn.sk,quality,0
Graf dňa: Bývanie v úvode roka zdraželo takmer rekordným tempom,dennikn.sk,quality,0
Kariéru v USA vymenila za pomoc Ukrajincom. V Michalovciach narazila na lži a nezáujem mesta,dennikn.sk,quality,0
"V Kyjeve spal Husák, strieľal mafián a rečnil Mečiar. Po desaťročiach ho môžu obnoviť",dennikn.sk,quality,0
"Ipsos: Dve tretiny populácie si myslia, že Gašpar by mal odstúpiť, za jeho odchod je aj každý tretí volič Smeru",dennikn.sk,quality,0
Trumpov svet (494. deň): Vyrieši iránsky urán tretia krajina? Ako by mohla vyzerať mierová dohoda,dennikn.sk,quality,0
"SNS pripúšťa možnosť odloženia rušenia voľby poštou zo zahraničia, nevie sa dohodnúť s Huliakom",dennikn.sk,quality,0
"Čínsky Huawei vraví, že sa naučil vyrábať pokročilé čipy aj bez európskych strojov od ASML",dennikn.sk,quality,0
"Nie bezpečnosť, ale pôrodnosť. Pre švédskeho premiéra je hlavnou témou umelé oplodnenie zadarmo",dennikn.sk,quality,0
"Prehrabávajú odpadky, aby prežili, Rusi ich zabíjajú ako na safari. Reportáž z mesta, kde sa už nedá žiť (čítanie z New York Times)",dennikn.sk,quality,0
"Ruský dron zasiahol bytovku v Rumunsku, dvaja ľudia skončili v nemocnici s popáleninami. Fico za problém označil, že EÚ nehovorí s Ruskom",dennikn.sk,quality,0
Kedy má zamestnanec nárok na voľno v práci a kedy mu ho firmy aj zaplatia,dennikn.sk,quality,0
Odborárka Uhlerová o vzťahu s premiérom Ficom: Cítiť tam aj aroganciu,dennikn.sk,quality,0
"Svetový newsfilter: Putin stratil státisíce vojakov, podľa ukrajinského generála čoskoro môže prísť zlom",dennikn.sk,quality,0
Týždeň v práve Rada Procházku: Poplatky v zdravotníctve sú národné kultúrne dedičstvo,dennikn.sk,quality,0
Veľké spojenie inovatívnych slovenských strojárov. Oživený Essel preberá úspešné lesné traktory Equus,dennikn.sk,quality,0
"Manžel mi bol neverný, poslala som ho preč, no stále ho milujem. Mám mu ešte dať šancu?",dennikn.sk,quality,0
"Ľudí hnevá veľa reklám na hazard počas MS. Mohli by sme ísť cestou Británie, vraví psychológ",dennikn.sk,quality,0
"Matky maskujú osamelosť úsmevom, väčšina ľudí sa ju snaží skryť (Terapia slovom+)",dennikn.sk,quality,0
"Výsledky prijímačiek na stredné školy sú už dostupné cez EduPage, oficiálne ich zverejnia až 1. júna",dennikn.sk,quality,0
Nóri si vychovali „zlatú“ generáciu. Semifinále im zariadili hráči mladší ako Slafkovský,dennikn.sk,quality,0
"Sinner jasne viedol, potom prišli kŕče, závraty a nevídaná prehra. Roland Garros sprevádzajú vysoké teploty",dennikn.sk,quality,0
Ekonomický newsfilter: Nová nádej na prímerie s Iránom vyniesla americké akcie na nové maximá,dennikn.sk,quality,0
Putinov plán pre nové Rakúsko-Uhorsko? Jeho trollia farma spustila novú operáciu,dennikn.sk,quality,0
Newsfilter: U Takáča idú zhadzovať eurofondy z lietadla,dennikn.sk,quality,0
"Takáč chce opäť vápniť lesy, naposledy na tom zarobili ľudia spojení s Fafokanom a Malantou",dennikn.sk,quality,0
Danglár: Biznis karpatského typu,dennikn.sk,quality,0
"Kišš z PS: Ak by som bol ministrom financií, transakčnú daň zrušíme a na 13. dôchodky sa pozrieme",dennikn.sk,quality,0
Slovensko musí vypnúť algoritmus istoty a nájsť algoritmus odvahy,dennikn.sk,quality,0
"Prehnaný ochranársky prístup rodičov živí v deťoch úzkosť, vraví autorka knihy o rodičovstve",dennikn.sk,quality,0
"Hiking Basecamp: Vtáčnik a Pohronský Inovec ponúkajú hrebene, lúky aj pokojné miesta pre noc pod hviezdami",dennikn.sk,quality,0
Pochybenia na prešovskej nemocnici sú oveľa vážnejšie ako len v kvalite betónu,dennikn.sk,quality,0
"Päť dôchodcov na jachte, staré traumy a deti ako hlavné nebezpečenstvo. Jan Svěrák je späť",dennikn.sk,quality,0
Právnik a diplomat Metod Špaček: Večerou vo frakoch sme nevítali ani kráľovnú Alžbetu II.,dennikn.sk,quality,0
Vývoj bojov (1554. deň): Ukrajinci chystajú pre ruskú armádu na juhu logistický lockdown,dennikn.sk,quality,0
"Provládna influencerka Šramová mohla porušiť zákon. Ministerstvo vnútra rozhodne, či dostane pokutu",dennikn.sk,quality,0
"Ak si Magyar zníži plat, Fico bude najlepšie zarábajúcim premiérom v regióne (46 dní od volieb)",dennikn.sk,quality,0
"Malý futbal nezachránia ani Totti, Vlhová a Rolins. Huliak dal takmer milión eur na neuznaný šport",dennikn.sk,quality,0
Do Černobyľa raz pôjdem. S celou rodinou,dennikn.sk,quality,0
"Šutaj Eštok a Peter Pčolinský si vymysleli, že Šimečka chce zobrať výsluhové dôchodky",dennikn.sk,quality,0
Decodom sa nepodarilo zachrániť. Firma podľa očakávaní spadla do konkurzu a rozpredá sa,dennikn.sk,quality,0
"Hvorecký: Obávam sa, že o rok a pol sa to neskončí. No nemyslím si, že všetko je stratené",dennikn.sk,quality,0
Pri vymeškávaní v škole treba riešiť príčiny a nie sprísňovať tresty,dennikn.sk,quality,0
Svojvoľné sudcovské ozruty hrdúsia bezúhonných občanov,dennikn.sk,quality,0
"Trumpov svet (493. deň): Stíhačky, ponorky, lietadlové lode – USA chcú z Európy stiahnuť okrem vojakov aj techniku",dennikn.sk,quality,0
"Nulová vláknina a kilá červeného mäsa. Carnivore diéta je zarábanie si na rakovinu čriev, vraví lekár Bajer",dennikn.sk,quality,0
"Z Kmecových inovačných podpôr zadlženého finančníka Hoffmanna vyradili, Druckerov rezort mu dal iné dotácie",dennikn.sk,quality,0
"Čo spája Donalda Trumpa, Romanu Tabakovú a Tomáša Sedláčka? Ostrý boj o pozornosť publika",dennikn.sk,quality,0
Ako sú neziskovky financované?,dennikn.sk,quality,0
Anketa: Ako má vyzerať bezpečné a odolné Slovensko?,dennikn.sk,quality,0
Štátna nemocnica ako z hlavy Elona Muska,dennikn.sk,quality,0
P. Sibyla (ed.): Čierna skrinka Slovenska (Čitateľský denník 21/2026),dennikn.sk,quality,0
"Schopenhauerov raj bláznov: Prečo si hlupáci myslia, že sú géniovia?",dennikn.sk,quality,0
Opozícii dnes už nestačí znova zvíťaziť vo voľbách,dennikn.sk,quality,0
Kam za kultúrou v júni ´26?,dennikn.sk,quality,0
"Dôchodky? Zoškrtať, zrušiť a zakázať!",dennikn.sk,quality,0
"Mazurek kričí, Momo ticho súhlasí",dennikn.sk,quality,0
"Róbert Čapek, Lenka Rovňanová a Slavomír Pačuta: Čo funguje v školstve, čo zlyháva a ako prilákať učiteľov (Panel expertov)",dennikn.sk,quality,0
"Prvá liga, kniha 1- Hráčik a Dráčik 22. kapitola – Katka",dennikn.sk,quality,0
"Sandra z Dejepisu inak: Vysekané telo? Vtedy som sa bičovala, 42 dní som išla bez pauzy",dennikn.sk,quality,0
Ráno s NHL: Slafkovský sa prepadával v zostave. Prečo Halák niesol pochodeň?,dennikn.sk,quality,0
Párová terapeutka Kusá: Finančná nevera je nebezpečnejšia ako sexuálna,dennikn.sk,quality,0
"Graf dňa: Elektromobily budú rýchlo pribúdať, elektrické SUV sa cenou približujú „spaľovákom“",dennikn.sk,quality,0
"Newsfilter: Zabudnite na betón, Fico s Kaliňákom vám o prešovskej nemocnici mimoriadne klamú",dennikn.sk,quality,0
"Radšej púšť ako záplava chaosu: výskum v čase, keď bol Pakistan centrom svetového diania",dennikn.sk,quality,0
"Strach, ale aj únava. Kľúčový svedok tri dni spájal vraždu Jána Kuciaka s obžalovaným Kočnerom",dennikn.sk,quality,0
"Ekonomický newsfilter: Sucho ničí krajinu, vládu to nezaujíma",dennikn.sk,quality,0
"Kaliňák naznačuje koniec Pohody na trenčianskom letisku, podľa festivalu na to nie je dôvod",dennikn.sk,quality,0
"Moja priateľka nerobí botox, obhajuje Danko blokovanie Šaškovho zákona. Minister nakoniec ustúpil",dennikn.sk,quality,0
"Kováčik má šancu zbaviť sa kauzy, pre ktorú bol vo väzení. Začala sa právna motanica",dennikn.sk,quality,0
"Vývoj bojov (1553. deň): Rusi priznávajú krach svojej ofenzívy, na Kryme je už palivo na prídel",dennikn.sk,quality,0
"Izrael v Libanone na pozadí americkej dohody s Teheránom prekračuje líniu okupácie, ktorú sám narysoval",dennikn.sk,quality,0
"Nové elektrické Ferrari rozhnevalo internet. Ak chceme inovovať, musíme riskovať, hovorí šéf dizajnu automobilky",dennikn.sk,quality,0
Matrika tri mesiace ignoruje žiadosť uznať im manželstvo. Špaček a Novotný sa obrátili na generálnu prokuratúru,dennikn.sk,quality,0
Magyar dal ústavným nominantom Fideszu ultimátum: do konca mája odíďte alebo vás odvoláme,dennikn.sk,quality,0
"Česi odpracujú ročne o 150 hodín viac ako Slováci a vidno to na výplatnej páske, hovorí Zuzana Múčka",dennikn.sk,quality,0
"Šofér autobusu ma vyhodil, vraj sa mám vykoktať alebo vypadnúť, hovorí žena, ktorá prišla o hlas",dennikn.sk,quality,0
"Púť zmierenia v Brne ukázala, že pamäť stále rozdeľuje. A práve preto má zmysel",dennikn.sk,quality,0
"Temný balkánsky triler: Srbskom otriasa vražda člena podsvetia, na ktorej sa zrejme podieľal šéf belehradskej polície",dennikn.sk,quality,0
Taliban legalizoval sobáše deväťročných dievčat. Rozvod bez súhlasu manžela zákon zakazuje,dennikn.sk,quality,0
"1,5-miliardovú súťaž o úsek D1 Turany – Hubová musia upraviť. Podmienky mohli podľa ÚVO odradiť kvalitné firmy",dennikn.sk,quality,0
Ukrajinský fotoreportér Dobronosov: Pre Rusov neexistuje označenie press. Sme pre nich propagandisti,dennikn.sk,quality,0
"Slovensko nepodporilo tribunál pre Putina. Zavolal Ficov človek Eštok a museli sme sa stiahnuť, vraví skúsený diplomat",dennikn.sk,quality,0
Graf dňa: Čipový boom vyniesol ďalšie dve firmy nad biliónovú hranicu,dennikn.sk,quality,0
Vláda podporila rozšírenie michalovskej veľkofabriky aj vysoko ziskového košického farmaceuta,dennikn.sk,quality,0
"Paradox: zločincom sa tresty zmiernili, poslancom Národnej rady sa postihy sprísnili",dennikn.sk,quality,0
"Kedy sa láska stane rutinou? Film Tri misky rozpráva o tom, ako povedať zbohom",dennikn.sk,quality,0
Ako to číta Ivan Mikloš: Ako rastie ekonomika a v čom je rozdiel medzi USA a EÚ,dennikn.sk,quality,0
"O Ficovi a Tarabovi: Keď budeš úspešný ty, tak aj ja",dennikn.sk,quality,0
"Peniaze budú, my nie. Mladí chcú cestovať, vlastné bývanie prestáva byť životnou métou",dennikn.sk,quality,0
Prvá encyklika Leva XIV. je už teraz historická a prelomová,dennikn.sk,quality,0
"Každý druhý deň máme intoxikované dieťa, hovorí primár urgentu. Slovensko vedie v užívaní syntetických kanabinoidov tínedžermi",dennikn.sk,quality,0
"Europoslanec z rakúskej vládnej strany: Ak idete do Moskvy, musíte konfrontovať Putina ako zločinca",dennikn.sk,quality,0
"Trumpov svet (492. deň): Demokrati sa tešia, v texaských primárkach vyhral Trumpom podporovaný kandidát hnutia MAGA",dennikn.sk,quality,0
"Uniesli ju z domu starej mamy, dva roky o nej nikto nič nevedel",dennikn.sk,quality,0
"Výskumníčka Orosová: Mladí ľudia preceňujú, koľko rovesníkov pije a fajčí, a práve to ich ohrozuje",dennikn.sk,quality,0
"Debutoval proti Yankees, doma počuť slovenčinu. Adam Macko hovorí o ceste prvého Slováka do MLB",dennikn.sk,quality,0
Ukrajina zmenila priebeh vojny. Nová stratégia Kyjeva je zničujúca,pravda.sk,quality,0
ONLINE: Montreal bojuje o prežitie. Slafkovský a spol. čelí mečbalom Caroliny,pravda.sk,quality,0
"Škandál z roku 1969 ožil: Bella Hadid vyvolala ošiaľ v šatách, ktoré si módna legenda obliekla naopak",pravda.sk,quality,0
Mysteriózny hit Netflixu je späť a čísla hovoria jasne. Nové epizódy bodujú vo svete aj na Slovensku,pravda.sk,quality,0
"KVÍZ nie len pre pamätníkov: Čo viete o Česko-Slovensku? Praha, Sudety, Mníchov... Týchto 13 otázok preverí, či poznáte miesta, kde sa písali dejiny",pravda.sk,quality,0
"Vitamíny a minerály nemusia byť len užitočné. Týmto sa večer vyhnite a budete spať lepšie, kvalitnejšie a zaspíte rýchlejšie",pravda.sk,quality,0
"Odvetvie, ktoré živilo Slovensko, stráca dych. Ekonóm varuje pred koncom jednej éry",pravda.sk,quality,0
Rekonštrukcia bratislavského hotela Kyjev sa pohne. Má už právoplatné stavebné povolenie,pravda.sk,quality,0
"Kde sú prorastové opatrenia? Na Slovákov sa ženie ďalšia daňová smršť, zdražejú nákupy aj lieky, varujú firmy",pravda.sk,quality,0
"Definitívny koniec. Veľká slovenská nábytkárska firma skrachovala, jej dlh sa šplhá k dvom miliónom eur",pravda.sk,quality,0
Úspory v II. pilieri prekročili 21 miliárd eur,pravda.sk,quality,0
"Talianska ekonomika brzdí, podľa prognóz šesť rokov nebude jej rast vyšší ako jedno percento",pravda.sk,quality,0
"Firmám dochádza trpezlivosť, vláde posielajú tvrdý odkaz: Slovensko si nemôže dovoliť ďalších šesť mesiacov transakčnej dane",pravda.sk,quality,0
"Saková: Rozbeh výroby Volva v Košiciach postupuje, vláda aj firma plnia termíny",pravda.sk,quality,0
"Bratislavské letisko je stále v kurze, pribúdajú nové destinácie",pravda.sk,quality,0
"Štát zvýši hranicu prežitia. Slovákom sa zmenia dávky, dôchodky aj čisté výplaty",pravda.sk,quality,0
Fico pritvrdil pred podnikateľmi: Nie som fackovací panák. Chcete zrušiť transakčnú daň? Nájdite stovky miliónov,pravda.sk,quality,0
Slovenský biznis bije na poplach: Podnikateľské prostredie je jedno z najhorších za roky,pravda.sk,quality,0
"Toto nie sú prorastové opatrenia, ale ďalšia daňová rana. Podnikatelia kritizujú vládu a ľuďom odkazujú: Budeme zdražovať",pravda.sk,quality,0
"Ryanair rozširuje slovenskú základňu, z Bratislavy pridáva novú linku",pravda.sk,quality,0
Vojna v Iráne mení mapu svetového obchodu. Nová hodvábna cesta obchádza nebezpečné námorné trasy aj Rusko,pravda.sk,quality,0
"Alarmujúci trend: Pribúda ľudí, ktorí bez pôžičky nevedia vyžiť. Dáta sú žalostné",pravda.sk,quality,1
Vyhneme sa nateraz palivovej kríze? V Európe sa zmierňujú obavy z obmedzenia letov pred dovolenkovou sezónou,pravda.sk,quality,0
Prekročenie právomocí: Ako chcel Trump zmeniť ikonické kultúrne centrum a prečo narazil na súde,pravda.sk,quality,0
Ako sa ruský dron ocitol v rumunskom pohraničí? Zmene kurzu predchádzal zásah protivzdušnej obrany,pravda.sk,quality,0
Irán: Trumpove vyjadrenia o potenciálnej dohode sú zmesou pravdy a lží,pravda.sk,quality,0
Ďalší škandál na obzore? Umožní Zelenskyj uložiť urnu s popolom Banderu do zeme pri Kyjeve?,pravda.sk,quality,1
"Turisti prinášajú miliardy, ale aj problémy. Chorvátsko radikálne mení pravidlá",pravda.sk,quality,0
"Zelenskyj prehovoril o zákaze, ktorý mu zmenil život. Otcovi je zaň dnes vďačný",pravda.sk,quality,0
Festival k výročiu USA sprevádza chaos. Umelci húfne rušia účasť a hovoria o zavádzaní,pravda.sk,quality,0
VIDEO Toto zažiť nechcete. Ľudia zostali visieť na horskej dráhe vo výške 30 metrov,pravda.sk,quality,0
Brusel odblokuje Maďarsku 16 miliárd eur. Peniaze boli zmrazené za vlády Orbána,pravda.sk,quality,0
Rumunsko udrelo po zásahu dronu. Vyhostí ruského konzula a zatvorí konzulát v Konstanci,pravda.sk,quality,0
Kongo má prvého vyliečeného pacienta terajšej epidémie eboly,pravda.sk,quality,0
"Budeme brániť každý centimeter územia aliancie, vyhlásilo NATO a hovorí o bezohľadnom správaní Ruska",pravda.sk,quality,0
Ruský dron zasiahol dom v Rumunsku. Orbán využil incident na tvrdý odkaz Magyarovej vláde,pravda.sk,quality,0
Zelenskyj pobúril Poľsko. Názov ukrajinskej jednotky označili vo Varšave za dar ruskej propagande,pravda.sk,quality,0
"Bolsonarov syn požiadal Trumpa o zásah. USA označia brazílske gangy za teroristov, Lula má obavy",pravda.sk,quality,0
"Maďarsko stiahlo žiadosť o vystúpenie z ICC, prezident Sulyok podpísal zákon",pravda.sk,quality,0
FOTO: Ruská nočná mora sa napĺňa: Ukrajina systematicky škrtí zásobovanie Krymu,pravda.sk,quality,0
Rusi prelievajú olej do ohňa: po útoku na rumunské územie udreli aj na tureckú loď. Ankara reaguje,pravda.sk,quality,0
1 555. deň: Rusko spustilo rozsiahly raketový a dronový útok na Ukrajinu,pravda.sk,quality,0
"90. deň: Zastaví Biely dom iránske jadrové hrozby? Rokovania sú v záverečnej fáze, Trumpov podpis však zostáva otázny",pravda.sk,quality,0
"Vojna prekročila hranice NATO: Ruský dron zasiahol obytný dom v Rumunsku. Brusel chystá nové sankcie, veľvyslanca predvolal aj Paríž",pravda.sk,quality,0
"Mala by sa Európa čím brániť proti Rusku? USA chcú stiahnuť lietadlá, lode aj ponorky",pravda.sk,quality,0
Trump na amerických dolároch? Plány na novú bankovku narážajú na tvrdý odpor a zákony,pravda.sk,quality,0
"Koncerty Taylor Swift zrušil strach z teroru: Mladík, ktorý chcel vraždiť vo Viedni, spoznal svoj trest",pravda.sk,quality,0
Koniec nádejí pre legendu! Djokoviča vyradil z Roland Garros tínedžer,pravda.sk,quality,0
"Uniknuté nahrávky Országha a Crosbyho? Je to hanba, ak sa vaše meno takto spomenie na mítingu, vraví Valábik",pravda.sk,quality,0
"Podivný koniec pravej ruky po 15 rokoch. Nebudem to komentovať, odsekol Weiss",pravda.sk,quality,0
Blíži sa návrat Rusov na MS?! IIHF musela akceptovať kľúčové rozhodnutie,pravda.sk,quality,1
Naše hodnotenie Slovákov po prehre s Kanadou,pravda.sk,quality,0
Naše hodnotenie Slovákov v zápase proti Česku,pravda.sk,quality,0
"11 futbalistov, ktorých podviedli manželky",pravda.sk,quality,0
Naše hodnotenie Slovákov po zápase s Dánskom,pravda.sk,quality,0
Naše hodnotenie Slovákov po zápase so Slovinskom,pravda.sk,quality,0
10 hokejových legiend Československa a Slovenska,pravda.sk,quality,0
Naše hodnotenie Slovákov po súboji s Talianskom,pravda.sk,quality,0
Majstrovské oslavy ŠK Slovan Bratislava 2026,pravda.sk,quality,0
Hodnotenie Slovákov po zápase s Nórskom,pravda.sk,quality,0
Najproduktívnejší hráči histórie MS v hokeji,pravda.sk,quality,0
"Nevrátil sa domov, rodina ho šla hľadať. Lemieux sa obesil v obchode",pravda.sk,quality,0
Debakel na záver! Levice zdolali Slovan o 50 bodov a majú 5. titul v rade,pravda.sk,quality,0
Ťažko skúšaný sused aj topfavoriti. Slováci spoznali súperov na hokejových MS 2027,pravda.sk,quality,0
Ktoré krajiny budú hostiť MS po Slovensku? IIHF rozhodla,pravda.sk,quality,0
"Weiss, Valjent a Suslov o futbalovej reprezentácii",pravda.sk,quality,0
Derby Česko - Slovensko? Aj kamaráti z New Yorku budú jeden deň nepriateľmi,pravda.sk,quality,0
Trenér Weiss predstavil svoju prvú nomináciu na dva zápasy,pravda.sk,quality,0
MS vo Švajčiarsku? To je aj gyros za 18 eur. Na Slafkovského sa už vypytujú aj Česi,pravda.sk,quality,0
Tréner Weiss st. v relácii VAR na ta3,pravda.sk,quality,0
"Niké liga hodnotila: Weiss najlepší tréner, Faško najlepší hráč",pravda.sk,quality,0
Futbalisti Interu Miláno oslavujú double,pravda.sk,quality,0
Milan Bartovič o výhre slovenských hokejistov nad Talianskom,pravda.sk,quality,0
ŠK Slovan sa po ôsmy raz po sebe stal majstrom SR,pravda.sk,quality,0
"Tréner reprezentácie Weiss: Budú hrať najlepší, bez ohľadu na vek",pravda.sk,quality,0
Prvá posila Barcelony prišla za 80 miliónov. Angličan podpísal päťročnú zmluvu,pravda.sk,quality,0
"Symbolické, že končím pod ním. Pekarík označil Weissa za legendu",pravda.sk,quality,0
Na polícii sa dlho nezdržal. Šéfa FC Košice aj jeho manželku prepustili,pravda.sk,quality,0
"Pikantný odchod Borbélyho do Ferencvárosu? Nikto nie je nad klubom, oznámil Győr",pravda.sk,quality,0
Tri roky pôsobil v Košiciach. Prešov má nového trénera,pravda.sk,quality,0
"Český skaut: Hlavaja by som si do NHL nevybral, je ťažkopádny. Gajan? To je niečo iné",pravda.sk,quality,0
Veľké slová pre Slafkovského a spol. Tréner Montrealu hovoril o obrate,pravda.sk,quality,0
Neuveriteľné! Sinner vypadol z Roland Garros,pravda.sk,quality,0
"Tréner poslal svojmu zverencovi správu, že končí a zablokoval si jeho číslo. Neurobil to prvýkrát",pravda.sk,quality,0
Chačanov sa vytrápil a postúpil. Djokovič má ďalší rekord,pravda.sk,quality,0
Koniec pre jednu z favoritiek. Rybakinová sa lúči s Roland Garros,pravda.sk,quality,0
Kuss vyhral kráľovskú etapu tohtoročného Gira,pravda.sk,quality,0
Pekné umiestnenie Kubiša na Gire. V cieli bol v rovnakom čase ako víťaz,pravda.sk,quality,0
Zaútočil kilometer pred cieľom. Valgren vyhral 17. etapu Gira,pravda.sk,quality,0
Na druhého získal vyše minútu. Vingegaard urobil výrazný krok k triumfu na Gire,pravda.sk,quality,0
Premiérový triumf. Kapustík je najlepším medzi lyžiarmi,pravda.sk,quality,0
"Vlhová sa pokúša o návrat medzi elitu. Predstavila trénera, ktorý jej má pomôcť",pravda.sk,quality,0
Novinka v slovenskom biatlone. Mužskú reprezentáciu si vezme do parády Čech,pravda.sk,quality,0
Fantastická správa pre Vlhovú a slovenský šport. Jasná získala preteky Svetového pohára,pravda.sk,quality,0
Bondiová v Kongrese USA obhajovala svoj postup v kauze Epstein,tasr.sk,quality,0
Hamas označil izraelský postup v Pásme Gazy za porušenie prímeria,tasr.sk,quality,0
Irán sa podľa médií pripravuje na veľkolepý pohreb Alího Chameneího,tasr.sk,quality,0
"Barcelona získala Gordona z Newcastlu, podpísal päťročný kontrakt",tasr.sk,quality,0
VIDEO: DRÁMA V KOŠICIACH: Zrazili sa dva teplovzdušné balóny,tasr.sk,quality,1
Brankári Noskovič a Sameliak budú pôsobiť v HK 32 Liptovský Mikuláš,tasr.sk,quality,0
"Dan: Dron, ktorý zasiahol dom v Rumunsku, zmenil trasu",tasr.sk,quality,0
"MS 2030 sa uskutočnia v Helsinkách a Rige, MS 2028 žien vo Švajčiarsku",tasr.sk,quality,0
ZÁZNAM: TK strany Sloboda a Solidarita,tasr.sk,quality,0
ZÁZNAM: TK hnutia Slovensko,tasr.sk,quality,0
"ZÁZNAM: Opozícia chce vedieť, ako presne bude L. Kamenický riešiť spor so Slovnaftom",tasr.sk,quality,0
ZÁZNAM: Opozícia navrhla odvolať R. Kaliňáka pre pochybenia na stavbe nemocnice,tasr.sk,quality,0
Rok 1956: Rekonštrukcia Bratislavského hradu,tasr.sk,quality,0
"Bratislavské ""Dievča jari 1969""",tasr.sk,quality,0
Rok 1945: Osloboditelia postavili v Bratislave most cez Dunaj,tasr.sk,quality,0
"Oslavujeme 1. máj – sviatok všetkých pracujúcich, ktorí budujú socializmus",tasr.sk,quality,0
Vieska nad Žitavou: NSK ukončil rekonštrukciu mosta ponad rieku Žitava,tasr.sk,quality,0
"Nitra: Na budove radnice vznikla zelená strecha, ďalšie pribudnú na školách",tasr.sk,quality,0
Šaško: Rekonštrukcia nemocnice v Kráľovskom Chlmci napreduje podľa harmonogramu,tasr.sk,quality,0
Bánovce nad Bebravou: Mesto pokračuje v rekonštrukcii ciest a chodníkov,tasr.sk,quality,0
Definitívne rozhodnutie: Minister Šutaj Eštok musí zaplatiť čurillovcom 6-cifernú sumu,aktuality.sk,quality,0
"Igor Matovič menoval dvoch „užitočných idiotov“ v SaS. Konflikt v opozícii eskaluje, v PS žiadajú jeho odchod z politiky",aktuality.sk,quality,0
"Voľby 2026: Roman Malatinec kandiduje za huliakovcov. Pustil sa do župana Luntera, ešte nedávno mu robil zástupcu",aktuality.sk,quality,0
ŠportONLINE: Carolina Hurricanes - Montreal Canadiens (Juraj Slafkovský) / NHL,aktuality.sk,quality,0
"Bola jej výhra v šou Ruža pre nevestu predurčená? Letušku, ktorá si získala srdce divákov - odhalil jeden krásny detail z minulosti",aktuality.sk,quality,0
"Na Slovensko prichádza nový televízny kanál, v češtine. Čo bude vysielať?",aktuality.sk,quality,0
"Tento kúsok Chorvátska je pre Slovákov ideálny: More, hory, ostrovy aj priamy let z Bratislavy",aktuality.sk,quality,0
V dojčenskom období sa s malou Lujzou posunuli do nového levelu: O svojej realite na materskej prehovoril Viktor Vincze opäť celkom úprimne,aktuality.sk,quality,0
"Matka ťažko chorého syna: Nielenže nám nič neschválili, všetko nám zobrali",aktuality.sk,quality,0
Ruský dron zranil v Rumunsku dvoch ľudí. Ministerka zahraničia exkluzívne pre Aktuality.sk o hrozbe z Ruska,aktuality.sk,quality,0
Varovanie z Estónska: Ruský dron v NATO je len začiatok (zahraničný výber),aktuality.sk,quality,0
"Dôvera bola naštrbená. Expert hovorí, ako nahradiť IT riešenia zo zámoria európskymi",aktuality.sk,quality,0
Nová fáza vojny: Rusko stráca dych a mení stratégiu. S Pavlom Havlíčkom (videopodcast),aktuality.sk,quality,0
"Rýchly let, pomalý život: Bari a Lecce zápasia o srdcia cestovateľov",aktuality.sk,quality,0
"Premiér Fico objavil v zákone nečakanú kľučku: Tento ťah mení všetko, no experti len krútia hlavou",aktuality.sk,quality,0
"Rumunský prezident uviedol, že dron v Rumunsku bol odklonený zásahom ukrajinskej protivzdušnej obrany",aktuality.sk,quality,0
Viktor Orbán žiada zverejnenie tajnej dohody Magyara a von der Leyenovej o eurofondoch,aktuality.sk,quality,0
"Michal Šimečka by mal zájsť omnoho ďalej ako Péter Magyar. Inak si všetko „odskáču“ tí, čo vždy",aktuality.sk,quality,0
Podvodníci útočia cez WhatsApp: V Bratislavskom kraji narastá počet nových prípadov,aktuality.sk,quality,0
Európsky súd pre ľudské práva dal Rastislavovi Trnkovi za pravdu v spore s Richardom Rašim,aktuality.sk,quality,0
"Keď som si dala prvýkrát čiaru kokaínu, vedela som, že nie je posledná. Bez spánku som bola aj päť dní (rozhovor)",aktuality.sk,quality,0
V slovenských domácnostiach častejšie „štrajkovali“ spotrebiče než úradovalo počasie,aktuality.sk,quality,0
V 26 rokoch je Barbora najmladšou vedúcou COOP Jednoty v regióne,aktuality.sk,quality,0
